22.0.7,22_0,22
22.0.6,,
22.0.5,,
22.0.4,,
22.0.3,,
22.0,,
21.3.8.6,21_3,21
21.3.8.5,,
21.3.8.4,,
21.3.8,,
21.3.7.1,,
21.3.7,,
21.3,,
21.2.7,21_2,
21.2.6,,
21.2.5,,
21.2.4,,
21.2.3,,
21.2,,
21.1.4,21_1,
21.1.3,,
21.1.2,,
21.1.1,,
21.1,,
21.0.9,21_0,
21.0.8,,
21.0.7,,
21.0.6,,
21.0.5,,
21.0.4,,
21.0.3,,
21.0.2,,
21.0.1,,
21.0,,
20.3.8.22,20_3,20
20.3.8.20,,
20.3.8.19,,
20.3.8.18,,
20.3.8.15,,
20.3.8.14,,
20.3.8.13,,
20.3.8.12,,
20.3.8.11,,
20.3.8.10,,
20.3.8.9,,
20.3.8.8,,
20.3.8.7,,
20.3.8.6,,
20.3.8.5,,
20.3.8.4,,
20.3.8.3,,
20.3.8.2,,
20.3.5,,
20.3.2.1,,
20.3,,
20.2.4,20_2,
20.2,,
20.1.7,20_1,
20.1,,
20.0,,
